{"proxies":{"ti.android.haptics.TiAndroidHapticsModule":{"superPackageName":"org.appcelerator.kroll","methods":{"cancel":{"runOnUiThread":false,"hasInvocation":false,"args":[],"apiName":"cancel","converter":"org.appcelerator.kroll.KrollConverter","defaultValueProvider":"org.appcelerator.kroll.KrollConverter","name":"__default_name__","returnType":"void"},"notification":{"runOnUiThread":false,"hasInvocation":false,"args":[{"converter":"org.appcelerator.kroll.KrollConverter","defaultValueProvider":"org.appcelerator.kroll.KrollConverter","name":"type","sourceName":"type","type":"java.lang.String"}],"apiName":"notification","converter":"org.appcelerator.kroll.KrollConverter","defaultValueProvider":"org.appcelerator.kroll.KrollConverter","name":"__default_name__","returnType":"void"},"doubleClick":{"runOnUiThread":false,"hasInvocation":false,"args":[],"apiName":"doubleClick","converter":"org.appcelerator.kroll.KrollConverter","defaultValueProvider":"org.appcelerator.kroll.KrollConverter","name":"__default_name__","returnType":"void"},"selection":{"runOnUiThread":false,"hasInvocation":false,"args":[],"apiName":"selection","converter":"org.appcelerator.kroll.KrollConverter","defaultValueProvider":"org.appcelerator.kroll.KrollConverter","name":"__default_name__","returnType":"void"},"hasAmplitudeControl":{"runOnUiThread":false,"hasInvocation":false,"args":[],"apiName":"hasAmplitudeControl","converter":"org.appcelerator.kroll.KrollConverter","defaultValueProvider":"org.appcelerator.kroll.KrollConverter","name":"__default_name__","returnType":"boolean"},"effect":{"runOnUiThread":false,"hasInvocation":false,"args":[{"converter":"org.appcelerator.kroll.KrollConverter","defaultValueProvider":"org.appcelerator.kroll.KrollConverter","name":"effectId","sourceName":"effectId","type":"int"}],"apiName":"effect","converter":"org.appcelerator.kroll.KrollConverter","defaultValueProvider":"org.appcelerator.kroll.KrollConverter","name":"__default_name__","returnType":"void"},"impact":{"runOnUiThread":false,"hasInvocation":false,"args":[{"converter":"org.appcelerator.kroll.KrollConverter","defaultValueProvider":"org.appcelerator.kroll.KrollConverter","name":"intensity","sourceName":"intensity","type":"java.lang.String"}],"apiName":"impact","converter":"org.appcelerator.kroll.KrollConverter","defaultValueProvider":"org.appcelerator.kroll.KrollConverter","name":"__default_name__","returnType":"void"},"isSupported":{"runOnUiThread":false,"hasInvocation":false,"args":[],"apiName":"isSupported","converter":"org.appcelerator.kroll.KrollConverter","defaultValueProvider":"org.appcelerator.kroll.KrollConverter","name":"__default_name__","returnType":"boolean"},"waveform":{"runOnUiThread":false,"hasInvocation":false,"args":[{"converter":"org.appcelerator.kroll.KrollConverter","defaultValueProvider":"org.appcelerator.kroll.KrollConverter","name":"options","sourceName":"options","type":"org.appcelerator.kroll.KrollDict"}],"apiName":"waveform","converter":"org.appcelerator.kroll.KrollConverter","defaultValueProvider":"org.appcelerator.kroll.KrollConverter","name":"__default_name__","returnType":"void"},"performHapticFeedback":{"runOnUiThread":true,"hasInvocation":false,"args":[{"converter":"org.appcelerator.kroll.KrollConverter","defaultValueProvider":"org.appcelerator.kroll.KrollConverter","name":"proxy","sourceName":"proxy","type":"org.appcelerator.titanium.proxy.TiViewProxy"},{"converter":"org.appcelerator.kroll.KrollConverter","defaultValueProvider":"org.appcelerator.kroll.KrollConverter","name":"constant","sourceName":"constant","type":"int"}],"apiName":"performHapticFeedback","converter":"org.appcelerator.kroll.KrollConverter","defaultValueProvider":"org.appcelerator.kroll.KrollConverter","name":"__default_name__","returnType":"void"},"oneShot":{"runOnUiThread":false,"hasInvocation":false,"args":[{"converter":"org.appcelerator.kroll.KrollConverter","defaultValueProvider":"org.appcelerator.kroll.KrollConverter","name":"durationMs","sourceName":"durationMs","type":"int"},{"converter":"org.appcelerator.kroll.KrollConverter","defaultValueProvider":"org.appcelerator.kroll.KrollConverter","name":"amplitude","sourceName":"amplitude","type":"int"}],"apiName":"oneShot","converter":"org.appcelerator.kroll.KrollConverter","defaultValueProvider":"org.appcelerator.kroll.KrollConverter","name":"__default_name__","returnType":"void"}},"superProxyBindingClassName":"org.appcelerator.kroll.KrollModuleBindingGen","proxyClassName":"TiAndroidHapticsModule","proxyAttrs":{"propertyAccessors":[],"fullAPIName":"TiAndroidHaptics","name":"TiAndroidHaptics","proxyClassName":"ti.android.haptics.TiAndroidHapticsModule","isTopLevel":false,"id":"ti.android.haptics"},"packageName":"ti.android.haptics","sourceName":"ti.android.haptics.TiAndroidHapticsModuleBindingGen","constants":{"FEEDBACK_GESTURE_END":{"proxyName":"FEEDBACK_GESTURE_END","name":"FEEDBACK_GESTURE_END","type":"int","value":50},"FEEDBACK_LONG_PRESS":{"proxyName":"FEEDBACK_LONG_PRESS","name":"FEEDBACK_LONG_PRESS","type":"int","value":0},"FEEDBACK_REJECT":{"proxyName":"FEEDBACK_REJECT","name":"FEEDBACK_REJECT","type":"int","value":17},"FEEDBACK_TOGGLE_ON":{"proxyName":"FEEDBACK_TOGGLE_ON","name":"FEEDBACK_TOGGLE_ON","type":"int","value":54},"EFFECT_TICK":{"proxyName":"EFFECT_TICK","name":"EFFECT_TICK","type":"int","value":2},"FEEDBACK_GESTURE_START":{"proxyName":"FEEDBACK_GESTURE_START","name":"FEEDBACK_GESTURE_START","type":"int","value":49},"FEEDBACK_KEYBOARD_RELEASE":{"proxyName":"FEEDBACK_KEYBOARD_RELEASE","name":"FEEDBACK_KEYBOARD_RELEASE","type":"int","value":7},"FEEDBACK_NO_HAPTICS":{"proxyName":"FEEDBACK_NO_HAPTICS","name":"FEEDBACK_NO_HAPTICS","type":"int","value":-1},"FEEDBACK_CONTEXT_CLICK":{"proxyName":"FEEDBACK_CONTEXT_CLICK","name":"FEEDBACK_CONTEXT_CLICK","type":"int","value":6},"EFFECT_CLICK":{"proxyName":"EFFECT_CLICK","name":"EFFECT_CLICK","type":"int","value":0},"FEEDBACK_DRAG_START":{"proxyName":"FEEDBACK_DRAG_START","name":"FEEDBACK_DRAG_START","type":"int","value":51},"FEEDBACK_KEYBOARD_PRESS":{"proxyName":"FEEDBACK_KEYBOARD_PRESS","name":"FEEDBACK_KEYBOARD_PRESS","type":"int","value":3},"FEEDBACK_CLOCK_TICK":{"proxyName":"FEEDBACK_CLOCK_TICK","name":"FEEDBACK_CLOCK_TICK","type":"int","value":4},"AMPLITUDE_MEDIUM":{"proxyName":"AMPLITUDE_MEDIUM","name":"AMPLITUDE_MEDIUM","type":"int","value":128},"FEEDBACK_VIRTUAL_KEY":{"proxyName":"FEEDBACK_VIRTUAL_KEY","name":"FEEDBACK_VIRTUAL_KEY","type":"int","value":1},"AMPLITUDE_DEFAULT":{"proxyName":"AMPLITUDE_DEFAULT","name":"AMPLITUDE_DEFAULT","type":"int","value":-1},"FEEDBACK_TOGGLE_OFF":{"proxyName":"FEEDBACK_TOGGLE_OFF","name":"FEEDBACK_TOGGLE_OFF","type":"int","value":55},"FEEDBACK_CONFIRM":{"proxyName":"FEEDBACK_CONFIRM","name":"FEEDBACK_CONFIRM","type":"int","value":16},"EFFECT_DOUBLE_CLICK":{"proxyName":"EFFECT_DOUBLE_CLICK","name":"EFFECT_DOUBLE_CLICK","type":"int","value":1},"AMPLITUDE_LIGHT":{"proxyName":"AMPLITUDE_LIGHT","name":"AMPLITUDE_LIGHT","type":"int","value":64},"FEEDBACK_SEGMENT_FREQUENT_TICK":{"proxyName":"FEEDBACK_SEGMENT_FREQUENT_TICK","name":"FEEDBACK_SEGMENT_FREQUENT_TICK","type":"int","value":53},"FEEDBACK_KEYBOARD_TAP":{"proxyName":"FEEDBACK_KEYBOARD_TAP","name":"FEEDBACK_KEYBOARD_TAP","type":"int","value":3},"FEEDBACK_SEGMENT_TICK":{"proxyName":"FEEDBACK_SEGMENT_TICK","name":"FEEDBACK_SEGMENT_TICK","type":"int","value":52},"AMPLITUDE_MAX":{"proxyName":"AMPLITUDE_MAX","name":"AMPLITUDE_MAX","type":"int","value":255},"EFFECT_HEAVY_CLICK":{"proxyName":"EFFECT_HEAVY_CLICK","name":"EFFECT_HEAVY_CLICK","type":"int","value":5},"AMPLITUDE_HEAVY":{"proxyName":"AMPLITUDE_HEAVY","name":"AMPLITUDE_HEAVY","type":"int","value":255}},"isTitaniumSdk":false,"superProxyClassName":"KrollModule","isModule":true,"genClassName":"TiAndroidHapticsModuleBindingGen"}},"modules":{"ti.android.haptics.TiAndroidHapticsModule":{"apiName":"TiAndroidHaptics"}}}